['18'];['сентябр`я']
['86'];['паралимпийцев']
['35'];['мед`алей']
['18'];['сентябр`я']
['18'];['КПК']
['18'];['рожд`ения']
['18'];['сентябр`я']
['18'];['СССР']
['18'];['сентябр`я']
['1941'];['г`ода']
['5'];['в`оли']
['11'];['тыс']
['17'];['сентябр`я']
['15'];['сентябр`я']
['Шесть'];['лет']
['два'];['с`айта']
['2'];['взр`ыва']
['два'];['взр`ыва']
['два'];['очаг`а']
['8'];['сентябр`я']
['9'];['сентябр`я']
['1'];['пров`инции']
['9'];['сентябр`я']
['три'];['дня']
['170'];['челов`ек']
['2040'];['изд`ания']
['124'];['экон`омики']
['15'];['лет']
['2004'];['минюста']
['2004'];['стран`ы']
['11'];['сентябр`я']
['2001'];['Дам`аска']
['2003'];['г`ода']
['2003'];['организ`аций']
['об`еих'];['стран']
['50'];['военносл`ужащих']
['30'];['комп`аний']
['12'];['м`есяцев']
['34'];['респондентов']
['145'];['топ-менеджеров']
['38'];['комп`аний']
['2004'];['г`ода']
['четырёх'];['б`анков']
['5'];['сентябр`я']
['6'];['сентябр`я']
['Два'];['пил`ота']
['26'];['музык`антов']
['н`есколько'];['мин`ут']
['13'];['д`ела']
['два'];['офиц`ера']
['2004'];['сраж`ений']
['13'];['сраж`ений']
['13'];['РИА']
['13'];['сентябр`я']
['2'];['фронтовик`ов']
['1988'];['г`ода']
['18'];['сентябр`я']
['86'];['паралимпийцев']
['35'];['мед`алей']
['18'];['сентябр`я']
['18'];['КПК']
['18'];['рожд`ения']
['18'];['сентябр`я']
['18'];['СССР']
['18'];['сентябр`я']
['1941'];['г`ода']
['5'];['в`оли']
['11'];['тыс']
['17'];['сентябр`я']
['15'];['сентябр`я']
['Шесть'];['лет']
['два'];['с`айта']
['2'];['взр`ыва']
['два'];['взр`ыва']
['два'];['очаг`а']
['8'];['сентябр`я']
['9'];['сентябр`я']
['1'];['пров`инции']
['9'];['сентябр`я']
['три'];['дня']
['170'];['челов`ек']
['2040'];['изд`ания']
['124'];['экон`омики']
['15'];['лет']
['2004'];['минюста']
['2004'];['стран`ы']
['11'];['сентябр`я']
['2001'];['Дам`аска']
['2003'];['г`ода']
['2003'];['организ`аций']
['об`еих'];['стран']
['50'];['военносл`ужащих']
['30'];['комп`аний']
['12'];['м`есяцев']
['34'];['респондентов']
['145'];['топ-менеджеров']
['38'];['комп`аний']
['2004'];['г`ода']
['четырёх'];['б`анков']
['5'];['сентябр`я']
['6'];['сентябр`я']
['Два'];['пил`ота']
['26'];['музык`антов']
['н`есколько'];['мин`ут']
['13'];['д`ела']
['два'];['офиц`ера']
['2004'];['сраж`ений']
['13'];['сраж`ений']
['13'];['РИА']
['13'];['сентябр`я']
['2'];['фронтовик`ов']
['1988'];['г`ода']
